CONTENTNAME,CONTENTID
水浒传：发刊词,55389
鲁智深：拳打镇关西,55390
鲁智深：倒拔垂杨柳,55391
林冲：棒打洪教头,55392
林冲：风雪山神庙,55393
武松：景阳冈打虎,55394
武松：醉打蒋门神,55395
宋江：私放晁盖,55396
宋江：怒杀阎婆惜,55397
李逵：李逵遇宋江,55398
李逵：真假李逵,55399
吴用：智取生辰纲,55400
杨志：杨志卖刀,55401
卢俊义：逼上梁山,55402
燕青：忠心救主,55403
柴进：失陷高唐,55404
晁盖：上梁山火并王伦,55405
扈三娘：绝色双刀一丈青,55411
孙二娘：侠义女子,55412
顾大嫂：野蛮劫狱,55413
高俅：小人发家史,55414
金圣叹评水浒,55415
有手艺的108将,55416
明白这些文言词才能读懂《水浒传》,55417
108将排名的奥秘,55418
从无业游民到开国皇帝——汉高祖刘邦,64748
论孝顺，我可是流传千古的！——汉文帝刘恒,64749
网文大男主，天选之子——东汉光武帝刘秀,64750
史上唯一一位爱做贼的奇葩皇帝——汉桓帝刘志,64751
草鞋起家，最终成帝——汉昭烈帝刘备,64752
扶不起的刘阿斗——蜀汉后主刘禅,64753
这位皇帝的胡须可以摸！——东吴大帝孙权,64754
百姓闹饥荒，天子的第一句话竟然是：为什么他们不吃肉？！,64755
橡皮：为什么能擦掉铅笔的痕迹？,78598
皇帝有哪些趣闻？这里都给你整理好啦！,100159
中国第一个皇帝——秦始皇,100160
败家的二代——秦二世胡亥,100161
打开大门向西走！丝绸之路之父——汉武帝刘彻,100162
亲兄弟的权势争斗——七步诗背后的故事,100163
最人尽皆知的皇帝——晋文帝司马昭,100164
“私生子”的王位逆袭路，会成功吗？,100165
谎话连成篇，父姓甩一边——光文帝刘渊,100166
大器晚成的铁腕皇帝——宋武帝刘裕,100167
搬家，我是认真的——北魏孝文帝拓跋宏,100168
史上最钟情的皇帝——隋文帝杨坚,100169
绵羊爸爸的战狼儿子——唐太宗李世民,100172
孝字当头的好儿子——唐高宗李治,100173
从后宫妃嫔到千古第一女帝——武则天,100174
贵妃一开口，马儿跑断腿——这样的爱情幸福吗？,100175
五代十国第一明君——周世宗柴荣,100176
驴子与蝉：驴子能像蝉一样，唱出好听的歌吗？,100343
马与驴子：凭什么驴只能吃干草？！,100344
池边的雄鹿：你喜欢鹿角还是鹿腿？,100345
狼和小羊：弱肉强食的动物法则,100346
朋友与熊：在危险中掉头就跑的“朋友”,100347
农夫与蛇：帮助人之前记得擦亮眼睛,100348
狮子与报恩的老鼠：再弱小的人也有自己的长处！,100349
生病的鹿：要是没有这么多朋友就好了！,100350
狮子、驴子和狐狸：不真诚的狐狸,100351
狐狸与鹤：动物世界里的待客之道,100352
狗、公鸡和狐狸：好朋友智斗狡猾狐狸,100353
Chapter01DowntheRabbit,100427
Hole掉进兔子洞伊索——从哑巴男孩到故事大王,101720
徒劳的寒鸦：一身黑的鸟儿能当上鸟类之王吗？,101721
说谎的放羊娃：谎话多说几次，真话就没人信了！,101722
狐狸和葡萄：葡萄到底酸不酸？,101723
狼与牧羊人：性情突变的狼，竟然要保护羊群？,101724
牧羊人与野山羊：真心被辜负？怎样才能成为朋友？,101725
乌鸦喝水：怎样才能喝到瓶子里的水？,101726
狐狸和樵夫：路过小屋被搭救，狐狸却恩将仇报？,101727
4你为什么会被晒黑？,450601
5人的眼睛为什么会近视？,450602
2指甲上没有月牙是生病了吗？,450603
6人为什么会过敏？,450604
3你的牙齿是怎么被蛀掉的？,450612
1为什么自己挠自己不觉得痒？,451572
7为什么人的身高有高有低？,452059
8,455030
为什么别人打哈欠你也想跟着打？11谁是世界上牙齿最多的动物？,457910
46南极和北极哪里更冷？,521551
47河水竟然能倒流？,521552
48,521553
发生地震高层和低层究竟哪个更安全？情景1-打招呼,713319
情景2-科技馆,713320
【小学】高效学习方法精讲,727854
第一节【小学】高效学习方法精讲,727855
第二节【小学】高效学习方法精讲,727856
第三节【小学】高效学习方法精讲,727857
第四节【小学】高效学习方法精讲,727858
第五节【小学】高效学习方法精讲,727859
第六节【小学】高效学习方法精讲,727860
第七节【小学】高效学习方法精讲,727861
第八节【小学】高效学习方法精讲,727862
第九节【小学】高效学习方法精讲,727863
第十节【小学】高效学习方法精讲,727865
第十二节【小学】高效学习方法精讲,728631
第十三节小学】高效学习方法精讲,728632
第十四节【小学】高效学习方法精讲,739445
第二十一节四年级学习方法8,746534
六年级学习方法11,748404